ID,Gene_name,Variant_effect,Aggregation,Aggregation_envt
1,KCNQ1,missense,44.7175,49.06002125
4,GJB3,missense,0,0
5,GJB3,missense,99.6575,99.7404375
7,SLC26A4,missense,0,0
8,FOXI1,missense,0,0
9,CDH23,missense,1.09282,0.632191875
10,ATP2B2,missense,0,0
14,CDH23,missense,0,0
15,CDH23,missense,0,0
17,DYNC2H1,missense,0,0.064291125
18,NPHS2,missense,0,13.89805
20,PROKR2,missense,98.8409,66.63275875
21,KAL1,missense,0,0
22,FGFR1,missense,0,0
24,FGFR1,missense,0,0
25,GNRHR,missense,15.8389,12.41340375
26,GNRHR,missense,0,0
27,KAL1,missense,0.458211,9.34685275
28,NSMF,missense,0.52445,0.262224875
33,TJP2,missense,3.41716,1.75598
35,OTUD4,missense,0,0
36,RNF216,missense,0,0
37,EDNRB,missense,0,0.000475535
39,PARK7,missense,0.431857,0.721819875
40,PINK1,missense,0.169925,7.35275
43,CYP1B1,missense,0,0
44,MYOC,missense,0.420723,0.503055
45,MYOC,missense,0,2.32849875
47,TYR,missense,0,0
48,OCA2,missense,27.2238,36.1996266556
50,OCA2,missense,0,0
54,FGG,missense,5.62919,2.841701875
55,FGA,missense,0,0
56,SLC3A1,missense,58.3602,47.6980625
57,SLC7A9,missense,13.3304,10.1725625
58,SLC7A9,missense,0,5.273638125
59,SLC3A1,missense,0,0.14829425
61,FZD4,missense,0,6.108075
62,LRP5,missense,0.126879,0.079299375
63,HAMP,missense,0,1.07834375
66,LMNA,missense,0,0
67,GDAP1,missense,0,0
69,CPOX,missense,0.119733,0.08979975
70,ALAD,missense,0,0
71,POLG,missense,1.9268,1.426489875
72,SCN1A,missense,98.7737,74.79902375
73,SCN2A,missense,0,0
75,GGCX,missense,47.3172,27.05248375
76,PITX2,missense,0,0
78,KRT14,missense,0,0
79,KRT5,missense,11.9635,6.04176575
80,F5,missense,0,0
84,HFE,missense,0,0
86,KCNQ1,missense,44.7175,49.06002125
87,KCNE1,missense,0,0
88,KCNQ1,missense,70.7339,84.5011
89,KCNE1,missense,0,0.420075
90,KCNQ1,missense,77.7385,62.4002975
91,KCNQ1,missense,0,0.551166875
92,KCNH2,missense,0,0
93,KCNE1,missense,0,0.2100375
94,KCNH2,missense,98.6531,91.47015
95,KCNH2,missense,1.35946,0.67973
97,KCNH2,missense,99.3921,94.366775
98,KCNH2,missense,0.0225767,35.8065220875
99,KCNH2,missense,0,0
100,SCN5A,missense,0,27.5997
101,KCNE1,missense,0,0
102,SCN5A,missense,0,0
105,KCNQ1,missense,0,0
106,KCNH2,missense,0,0
107,SCN5A,missense,0,0
108,KCNH2,missense,0.140258,0.440572625
109,KCNE2,missense,99.7319,98.9372
110,CAV3,missense,2.40254,1.4264503963
111,KCNH2,missense,0,0
112,BBS2,missense,0.499008,0.341309125
113,MKKS,missense,0,0
115,MKKS,missense,14.5326,9.5373125
118,BBS4,missense,0,0
119,BBS2,missense,0,0
120,BBS1,missense,0,32.652025
121,BBS7,missense,0,0
123,BBS1,missense,9.51687,5.177865
124,MKKS,missense,0,0
126,MKKS,missense,0,1.5689
127,BBS2,missense,0,0
128,BBS4,missense,0,0
130,BBS4,missense,0,0
131,BBS2,missense,0,0
132,BBS4,missense,0,0.051477
136,BBS7,missense,0,0
140,BBS2,missense,0,0
141,BBS2,missense,0,0.26194125
143,CEP290,missense,0,0
144,BBS10,missense,50.1074,63.8992261
146,BBS5,missense,10.6792,29.084165
149,BBS10,missense,0,0
151,BBS12,missense,0,11.59730875
152,BBS12,missense,0,0
153,BBS10,missense,0,0
155,BBS4,missense,0,0
157,BBS10,missense,0,0
159,BBS10,missense,0,0
163,BBS10,missense,0.0807881,27.121827375
165,BBS12,missense,0,34.4947875
167,BBS12,missense,3.3887,8.66328
168,MKKS,missense,0,0
170,BBS2,missense,0,1.3782375
171,BBS10,missense,0,0
174,TTC8,missense,0,0
175,BBS9,missense,0,0
178,MKKS,missense,0,8.2684375
179,BBS10,missense,8.80797,4.65095175
180,ARL6,missense,0,0
181,TTC8,missense,0,0
182,TTC8,missense,0,0
184,BBS12,missense,0,0.16309275
185,BBS1,missense,0,35.9090975
186,NPHS2,missense,1.2537,1.54338375
187,CD2AP,missense,0,0
188,NPHS1,missense,0,0
191,NPHS1,missense,0.282311,0.1411555
192,TYR,missense,0,0
193,SLC45A2,missense,0,1.22453375
195,SLC45A2,missense,0,1.3629085821
196,OCA2,missense,99.5936,84.9193125
197,SLC45A2,missense,9.31347,7.39808625
199,OCA2,missense,0.0964223,1.5140728125
200,IL10RA,missense,0,0.062171
201,IL10RA,missense,0,0
202,NOD2,missense,0,4.92457625
203,EDA,missense,0.246496,0.24286
205,MTR,missense,0,0
206,MYO7A,missense,0.200691,0.1003455
208,EDA,missense,0,0.049258
209,WNT10A,missense,0,0
210,EDA,missense,10.214,6.52784125
212,EDA,missense,0,0
213,WNT10A,missense,0,0
215,MYO6,missense,1.29822,0.694699125
217,CPT2,missense,0,0
219,FGFR1,missense,1.21043,1.3865625
220,GNRHR,missense,5.85611,3.79268375
221,KAL1,missense,0,0
222,PROKR2,missense,0.00268515,15.8306823514
223,FGFR1,missense,1.29595,0.69335125
224,KISS1R,missense,0,0
225,PROK2,missense,0,0.3188225
226,PROKR2,missense,0,0
227,FGFR1,missense,0,0
228,KAL1,missense,0,0
230,SCN5A,missense,0,0
231,KCNQ1,missense,41.7386,28.59887625
233,KCNJ10,missense,0,0
234,SLC26A4,missense,0,0
235,KCNJ10,missense,0,0
238,GDNF,missense,0,0
245,MFN2,missense,0,0
247,MYO7A,missense,0,0
248,CDH23,missense,0,10.15760125
250,CDH23,missense,0,0
252,GPR98,missense,0,9.831225
255,DFNB31,missense,0,0
256,MYO7A,missense,0,0
258,USH2A,missense,0,0
266,IL17RD,missense,64.5009,41.1026475
267,FGFR1,missense,0,0
268,IL17RD,missense,0,0
269,KISS1R,missense,0,0
270,DUSP6,missense,0,0
271,FGFR1,missense,0,30.772606
272,DUSP6,missense,0,0
274,DUSP6,missense,0,0
275,FGFR1,missense,0,0
276,FGFR1,missense,0,0
277,FLRT3,missense,0,0.179821
279,ITGA7,missense,0,0.013782875
281,HNF4A,missense,0,0
283,NPHS2,missense,0,0
284,NPHS1,missense,0,0
286,EDA,missense,0,0
287,USH2A,missense,0,0
289,MKKS,missense,0,0
290,BBS2,missense,0,0
293,KAL1,missense,0.662006,0.368966375
295,LMNA,missense,0,0
296,PRF1,missense,49.7839,48.027575
298,PRF1,missense,0,0
300,PRF1,missense,0,0.331580625
301,UNC13D,missense,0,9.0631125
302,UNC13D,missense,0,0
303,UNC13D,missense,0,0
304,UNC13D,missense,0.145747,0.0728735
305,PRF1,missense,0,0
306,UNC13D,missense,0,0
307,UNC13D,missense,0.603965,0.3019825
308,PRF1,missense,0,44.868775
309,UNC13D,missense,0,0
310,UNC13D,missense,0,0
312,UNC13D,missense,0.1546,12.6304925
313,PRF1,missense,0,0.046365
314,UNC13D,missense,69.0039,36.5490725
315,STXBP2,missense,0,0
316,PRF1,missense,0,0.09865625
317,STXBP2,missense,0,0
318,STXBP2,missense,0,0
320,STXBP2,missense,0.20159,0.12599375
323,STXBP2,missense,0,0
324,UNC13D,missense,12.4759,10.451025
325,STX11,missense,0,0
326,STXBP2,missense,0,0
327,STX11,missense,0,0
328,RAB27A,missense,88.4975,45.9730125
329,PROKR2,missense,0,5.83199575
330,FGFR1,missense,1.15234,0.723461
331,PROKR2,missense,0,0.0002484975
332,PROKR2,missense,56.9306,38.7209
333,GNRHR,missense,0,15.7361125
334,POLG,missense,0,0.120560625
335,C10orf2,missense,0,0
338,DSP,missense,0,0
340,MYH7,missense,0,0.48586725
341,NEXN,missense,0,0
342,MYH7,missense,1.68963,2.78119
344,DSP,missense,0,0
345,JUP,missense,0,0.634605
347,JUP,missense,0,0
350,BMPR2,missense,0,0
353,PDX1,missense,0,0
354,NEUROD1,missense,0,0
358,PROK2,missense,0,0
359,GNRHR,missense,1.66746,3.73203125
360,ABCC9,missense,0,0
363,NEXN,missense,0,0
366,ATP2B3,missense,0,2.04573125
367,LAMA1,missense,1.02903,0.52882925
368,LAMA1,missense,0,5.6626
369,DSP,missense,0.546579,0.2732895
370,PRPH2,missense,0,0.0743245
373,C10orf2,missense,0,0
