ID,Gene_name,Variant_effect,Protein_change,Uniprot_ACC
74,ABCC6,nonsense,R1141*,O95255
360,ABCC9,missense,M1198I,O60706
70,ALAD,missense,F12L,P13716
180,ARL6,missense,T31M,Q9H0F7
10,ATP2B2,missense,V586M,Q01814-4
366,ATP2B3,missense,R482H,Q16720
34,BAAT,missense,M66V,Q14032
120,BBS1,missense,E234K,Q8NFJ9
122,BBS1,nonsense,Q291*,Q8NFJ9
123,BBS1,missense,M390R,Q8NFJ9
125,BBS1,frameshift,L548Wfs*31,Q8NFJ9
133,BBS1,nonsense,Y113*,Q8NFJ9
135,BBS1,nonsense,E549*,Q8NFJ9
156,BBS1,frameshift,M242Rfs*83,Q8NFJ9
158,BBS1,frameshift,I296Tfs*7,Q8NFJ9
173,BBS1,intronic,,Q8NFJ9
185,BBS1,missense,R512H,Q8NFJ9
144,BBS10,missense,C91W,Q8TAM1
145,BBS10,frameshift,V707fs*1,Q8TAM1
147,BBS10,frameshift,C91Lfs*5,Q8TAM1
148,BBS10,nonsense,Y559*,Q8TAM1
149,BBS10,missense,L55P,Q8TAM1
150,BBS10,frameshift,E274Vfs*29,Q8TAM1
153,BBS10,missense,H410Q,Q8TAM1
157,BBS10,missense,A296T,Q8TAM1
159,BBS10,missense,H715R,Q8TAM1
163,BBS10,missense,M255I,Q8TAM1
169,BBS10,nonsense,Q623*,Q8TAM1
171,BBS10,missense,R49W,Q8TAM1
176,BBS10,frameshift,T534Ifs*21,Q8TAM1
177,BBS10,frameshift,N364Tfs*5,Q8TAM1
179,BBS10,missense,L445I,Q8TAM1
151,BBS12,missense,G119S,Q6ZW61
152,BBS12,missense,Y263H,Q6ZW61
154,BBS12,frameshift,D480Mfs*3,Q6ZW61
165,BBS12,missense,K408R,Q6ZW61
167,BBS12,missense,Y524C,Q6ZW61
183,BBS12,nonsense,R675*,Q6ZW61
184,BBS12,missense,P159L,Q6ZW61
112,BBS2,missense,N70S,Q9BXC9
114,BBS2,nonsense,Y24*,Q9BXC9
116,BBS2,nonsense,Q59*,Q9BXC9
119,BBS2,missense,T558I,Q9BXC9
127,BBS2,missense,L349W,Q9BXC9
129,BBS2,nonsense,R413*,Q9BXC9
131,BBS2,missense,R643H,Q9BXC9
140,BBS2,missense,D104A,Q9BXC9
141,BBS2,missense,R632P,Q9BXC9
160,BBS2,nonsense,R216*,Q9BXC9
161,BBS2,nonsense,Y24*,Q9BXC9
162,BBS2,frameshift,L221Ffs*25,Q9BXC9
164,BBS2,nonsense,Q569*,Q9BXC9
166,BBS2,frameshift,V94Sfs*8,Q9BXC9
170,BBS2,missense,E629K,Q9BXC9
172,BBS2,intronic,,Q9BXC9
288,BBS2,frameshift,L168Ffs*3,Q9BXC9
290,BBS2,missense,R315Q,Q9BXC9
291,BBS2,splicing,,Q9BXC9
118,BBS4,missense,A364E,Q96RK4
128,BBS4,missense,M472V,Q96RK4
130,BBS4,missense,P503L,Q96RK4
132,BBS4,missense,K46R,Q96RK4
138,BBS4,frameshift,L114Wfs*28,Q96RK4
155,BBS4,missense,T488K,Q96RK4
146,BBS5,missense,N184S,Q8N3I7
121,BBS7,missense,T211I,Q8IWZ6
136,BBS7,missense,G63R,Q8IWZ6
137,BBS7,splicing,,Q8IWZ6
139,BBS7,silent,V57V,Q8IWZ6
175,BBS9,missense,Q132H,Q3SYG4
350,BMPR2,missense,R491W,Q13873
335,C10orf2,missense,L381P,Q96RR1
373,C10orf2,missense,R334Q,Q96RR1
110,CAV3,missense,T78M,P56539
134,CCDC28B,silent,F110F,Q9BUN5
187,CD2AP,missense,M496I,Q9Y5K6
9,CDH23,missense,F1888S,Q9H251
12,CDH23,frameshift,L65Wfs*49,Q9H251
14,CDH23,missense,R3189W,Q9H251
15,CDH23,missense,T1209A,Q9H251
248,CDH23,missense,R1060W,Q9H251
250,CDH23,missense,R3043W,Q9H251
143,CEP290,missense,S1209C,O15078
142,CEP41,splicing,,Q9BYV8
229,CHD7,nonsense,Q814*,Q9P2D1
51,COL17A1,nonsense,L855*,Q9UMD9
52,COL17A1,nonsense,R1226*,Q9UMD9
69,CPOX,missense,G279R,P36551
217,CPT2,missense,S113L,P23786
43,CYP1B1,missense,R368H,Q16678
255,DFNB31,missense,S11R,Q9P202
338,DSP,missense,Q647H,P15924
344,DSP,missense,T13I,P15924
346,DSP,frameshift,I428Nfs*3,P15924
369,DSP,missense,A247V,P15924
270,DUSP6,missense,S182F,Q16828
272,DUSP6,missense,N189S,Q16828
274,DUSP6,missense,T346M,Q16828
17,DYNC2H1,missense,G3916D,Q8NCM8-2
203,EDA,missense,A349T,Q92838
208,EDA,missense,G257R,Q92838
210,EDA,missense,I312M,Q92838
211,EDA,frameshift,G85Afs*6,Q92838
212,EDA,missense,R153C,Q92838
286,EDA,missense,R156C,Q92838
37,EDNRB,missense,S305N,P24530
65,EMD,nonsense,Y105*,P50402
294,EMD,deletion,K37del,P50402
80,F5,missense,R534Q,P12259
55,FGA,missense,R35C,P02671
22,FGFR1,missense,L342S,P11362
24,FGFR1,missense,R470L,P11362
32,FGFR1,frameshift,C55fs*45,P11362
219,FGFR1,missense,N117S,P11362
223,FGFR1,missense,Y228D,P11362
227,FGFR1,missense,P285R,P11362
267,FGFR1,missense,G348R,P11362
271,FGFR1,missense,E692G,P11362
275,FGFR1,missense,P483T,P11362
276,FGFR1,missense,E670K,P11362
292,FGFR1,splicing,,P11362
330,FGFR1,missense,A604T,P11362
54,FGG,missense,G191R,P02679
277,FLRT3,missense,Q69K,Q9NZU0
77,FOXC1,frameshift,A402Rfs*111,Q12948
8,FOXI1,missense,G258E,Q12951
61,FZD4,missense,R417Q,Q9ULV1
81,FZD4,frameshift,L501Sfs*33,Q9ULV1
67,GDAP1,missense,R120W,Q8TB36
244,GDAP1,nonsense,Q163*,Q8TB36
238,GDNF,missense,R93W,P39905
75,GGCX,missense,V255M,P38435
3,GJB2,frameshift,L79Cfs*3,P29033
6,GJB2,frameshift,H100Rfs*14,P29033
337,GJB2,frameshift,G12Vfs*2,P29033
4,GJB3,missense,N166S,O75712
5,GJB3,missense,A194T,O75712
25,GNRHR,missense,Q106R,P30968
26,GNRHR,missense,R262Q,P30968
220,GNRHR,missense,L83V,P30968
333,GNRHR,missense,R240Q,P30968
359,GNRHR,missense,E90K,P30968
252,GPR98,missense,D4707Y,Q8WXG9
253,GPR98,frameshift,P522Sfs*8,Q8WXG9
254,GPR98,frameshift,M5890Vfs*10,Q8WXG9
264,GPR98,frameshift,A5713Lfs*3,Q8WXG9
356,GPR98,splicing,,Q8WXG9
63,HAMP,missense,G71D,P81172
85,HAMP,deletion,M50del,P81172
84,HFE,missense,C282Y,Q30201
82,HMBS,splicing,,P08397
280,HNF1A,frameshift,G292Rfs*25,P20823
281,HNF4A,missense,R127W,P41235-4
200,IL10RA,missense,S159G,Q13651
201,IL10RA,missense,R351G,Q13651
266,IL17RD,missense,Y379C,Q8NFM7
268,IL17RD,missense,A735V,Q8NFM7
279,ITGA7,missense,E882K,Q13683-7
345,JUP,missense,R377H,P14923
347,JUP,missense,R465C,P14923
21,KAL1,missense,S396L,P23352
27,KAL1,missense,E514K,P23352
29,KAL1,deletion,C163del,P23352
218,KAL1,nonsense,R423*,P23352
221,KAL1,missense,T472A,P23352
228,KAL1,missense,V543I,P23352
293,KAL1,missense,V587L,P23352
351,KCNA5,frameshift,Y483Sfs*4,P22460
87,KCNE1,missense,P127T,P15382
89,KCNE1,missense,D85N,P15382
93,KCNE1,missense,S74L,P15382
101,KCNE1,missense,R32H,P15382
109,KCNE2,missense,F60L,Q9Y6J6
2,KCNH2,splicing,,Q12809
92,KCNH2,missense,R922W,Q12809
94,KCNH2,missense,A561V,Q12809
95,KCNH2,missense,N861I,Q12809
96,KCNH2,nonsense,C44*,Q12809
97,KCNH2,missense,M645L,Q12809
98,KCNH2,missense,D609N,Q12809
99,KCNH2,missense,R312C,Q12809
104,KCNH2,frameshift,P926fsAfs*14,Q12809
106,KCNH2,missense,R948C,Q12809
108,KCNH2,missense,R100G,Q12809
111,KCNH2,missense,A913V,Q12809
233,KCNJ10,missense,R348C,P78508
235,KCNJ10,missense,P194H,P78508
1,KCNQ1,missense,A341E,P51787
86,KCNQ1,missense,A341V,P51787
88,KCNQ1,missense,G168R,P51787
90,KCNQ1,missense,T312I,P51787
91,KCNQ1,missense,R190Q,P51787
103,KCNQ1,frameshift,W188Gfs*49,P51787
105,KCNQ1,missense,R243P,P51787
231,KCNQ1,missense,V254M,P51787
237,KCNQ1,nonsense,R518*,P51787
224,KISS1R,missense,A189T,Q969F8
269,KISS1R,missense,A194D,Q969F8
78,KRT14,missense,R388H,P02533
79,KRT5,missense,I183T,P13647
367,LAMA1,missense,T2025M,P25391
368,LAMA1,missense,R2381C,P25391
53,LAMB3,nonsense,R635*,Q13751
204,LMBRD1,frameshift,N353Ifs*18,Q9NUN5
66,LMNA,missense,S326T,P02545
295,LMNA,missense,R298C,P02545
62,LRP5,missense,R444C,O75197
68,MFN2,frameshift,V160Efs*27,O95140
245,MFN2,missense,R468H,O95140
46,MITF,frameshift,E275Gfs*37,O75030
113,MKKS,missense,Y37C,Q9NPJ1
115,MKKS,missense,A242S,Q9NPJ1
117,MKKS,nonsense,Q148*,Q9NPJ1
124,MKKS,missense,S236P,Q9NPJ1
126,MKKS,missense,T325P,Q9NPJ1
168,MKKS,missense,I339V,Q9NPJ1
178,MKKS,missense,R309H,Q9NPJ1
289,MKKS,missense,C499S,Q9NPJ1
205,MTR,missense,P1173L,Q99707
340,MYH7,missense,N1448I,P12883
342,MYH7,missense,Q882R,P12883
278,MYH7B,missense,R890C,A7E2Y1
215,MYO6,missense,H246R,Q9UM54
206,MYO7A,missense,A771S,Q13402
246,MYO7A,nonsense,R2024*,Q13402
247,MYO7A,missense,G519D,Q13402
251,MYO7A,splicing,,Q13402
256,MYO7A,missense,P1220L,Q13402
44,MYOC,missense,G399V,Q99972
45,MYOC,missense,Q48H,Q99972
16,NEK1,frameshift,N547Kfs*2,Q96PY6
352,NEUROD1,intronic,,Q13562
354,NEUROD1,missense,H241Q,Q13562
341,NEXN,missense,D207G,Q0ZGT2
363,NEXN,missense,E332A,Q0ZGT2
202,NOD2,missense,K953E,Q9HC29
19,NPHS1,splicing,,O60500
188,NPHS1,missense,P264R,O60500
191,NPHS1,missense,L376V,O60500
214,NPHS1,intronic,,O60500
282,NPHS1,splicing,,O60500
284,NPHS1,missense,N188I,O60500
18,NPHS2,missense,R138Q,Q9NP85
186,NPHS2,missense,A208T,Q9NP85
189,NPHS2,frameshift,A317Lfs*31,Q9NP85
283,NPHS2,missense,R229Q,Q9NP85
285,NPHS2,frameshift,R146Efs*35,Q9NP85
23,NSMF,nonsense,Y376*,Q6X4W1-2
28,NSMF,missense,A253T,Q6X4W1-2
30,NSMF,intronic,,Q6X4W1-2
48,OCA2,missense,V443I,Q04671
50,OCA2,missense,G27R,Q04671
196,OCA2,missense,V833L,Q04671
199,OCA2,missense,A481T,Q04671
35,OTUD4,missense,G333V,Q01804-3
41,PARK2,frameshift,T175Pfs*2,O60260
39,PARK7,missense,A39S,Q99497
11,PCDH15,deletion,T1869del,Q96QU1
13,PCDH15,frameshift,Y6Ifs*6,Q96QU1
207,PCDH15,splicing,,Q96QU1
353,PDX1,missense,E224K,P52945
259,PDZD7,frameshift,R56Pfs*24,Q9H5P4
263,PDZD7,splicing,,Q9H5P4
265,PDZD7,frameshift,C732Lfs*18,Q9H5P4
357,PDZD7,frameshift,S26Lfs*53,Q9H5P4
40,PINK1,missense,P399L,Q9BXM7
42,PINK1,insertion,R58_V59insGR,Q9BXM7
76,PITX2,missense,S233L,Q99697-3
71,POLG,missense,G848S,P54098
334,POLG,missense,E944G,P54098
296,PRF1,missense,A437V,P14222
298,PRF1,missense,A91V,P14222
300,PRF1,missense,S331L,P14222
305,PRF1,missense,R410Q,P14222
308,PRF1,missense,R4C,P14222
311,PRF1,frameshift,L17Rfs*34,P14222
313,PRF1,missense,G149S,P14222
316,PRF1,missense,Y219N,P14222
225,PROK2,missense,A24P,Q9HC23
358,PROK2,missense,R117W,Q9HC23
20,PROKR2,missense,L173R,Q8NFJ6
222,PROKR2,missense,A51T,Q8NFJ6
226,PROKR2,missense,V115M,Q8NFJ6
329,PROKR2,missense,R85L,Q8NFJ6
331,PROKR2,missense,R268C,Q8NFJ6
332,PROKR2,missense,V331M,Q8NFJ6
370,PRPH2,missense,L185P,P23942
216,PYGM,nonsense,R50*,P11217
328,RAB27A,missense,F99V,P51159
343,RBM20,nonsense,R688*,Q5T481
38,RET,silent,I647I,P07949
239,RET,frameshift,C794Afs*75,P07949
36,RNF216,missense,R751C,Q9NWF9-1
371,ROM1,frameshift,V81Cfs*51,Q03395
372,ROM1,frameshift,L114Afs*18,Q03395
72,SCN1A,missense,A1685V,P35498
73,SCN2A,missense,R524Q,Q99250
100,SCN5A,missense,R1644H,Q14524
102,SCN5A,missense,R1623Q,Q14524
107,SCN5A,missense,D1819N,Q14524
230,SCN5A,missense,A572D,Q14524
236,SCN5A,deletion,F1617del,Q14524
7,SLC26A4,missense,E29Q,O43511
232,SLC26A4,splicing,,O43511
234,SLC26A4,missense,F335L,O43511
56,SLC3A1,missense,M467T,Q07837
59,SLC3A1,missense,T216M,Q07837
193,SLC45A2,missense,G349R,Q9UMX9
195,SLC45A2,missense,D160H,Q9UMX9
197,SLC45A2,missense,G188D,Q9UMX9
57,SLC7A9,missense,Y232C,P82251
58,SLC7A9,missense,G105R,P82251
273,SPRY4,missense,S241Y,Q9C004
325,STX11,missense,T74M,O75558
327,STX11,missense,D3E,O75558
315,STXBP2,missense,T345M,Q15833
317,STXBP2,missense,R529P,Q15833
318,STXBP2,missense,V487M,Q15833
319,STXBP2,intronic,,Q15833
320,STXBP2,missense,T304M,Q15833
322,STXBP2,intronic,,Q15833
323,STXBP2,missense,P239S,Q15833
326,STXBP2,missense,R190C,Q15833
31,TACR3,nonsense,W275*,P29371
33,TJP2,missense,V48A,Q9UDY2
336,TMPRSS3,frameshift,H70Tfs*19,P57727
174,TTC8,missense,F337L,Q8TAM2-4
181,TTC8,missense,M135I,Q8TAM2-4
182,TTC8,missense,K95R,Q8TAM2-4
339,TTN,missense,N9423K,Q8WZ42
361,TTN,missense,R3120Q,Q8WZ42
362,TTN,missense,R31107C,Q8WZ42
364,TTN,missense,V2304M,Q8WZ42
365,TTN,missense,K13495N,Q8WZ42
47,TYR,missense,R402Q,P14679
49,TYR,intronic,,P14679
192,TYR,missense,R77Q,P14679
194,TYR,nonsense,R278*,P14679
198,TYR,nonsense,R116*,P14679
262,TYR,frameshift,A490Cfs*20,P14679
297,UNC13D,nonsense,E57*,Q70J99
299,UNC13D,intronic,,Q70J99
301,UNC13D,missense,R411Q,Q70J99
302,UNC13D,missense,T76M,Q70J99
303,UNC13D,missense,S290L,Q70J99
304,UNC13D,missense,A748V,Q70J99
306,UNC13D,missense,D346N,Q70J99
307,UNC13D,missense,I1054V,Q70J99
309,UNC13D,missense,A1078P,Q70J99
310,UNC13D,missense,R966W,Q70J99
312,UNC13D,missense,R527W,Q70J99
314,UNC13D,missense,Y61C,Q70J99
321,UNC13D,splicing,,Q70J99
324,UNC13D,missense,I677T,Q70J99
83,UROD,frameshift,E218Lfs*28,P06132
249,USH1C,frameshift,R80fs*69,Q9Y6N9
257,USH2A,nonsense,S1307*,O75445
258,USH2A,missense,C536R,O75445
260,USH2A,frameshift,C1447Qfs*29,O75445
261,USH2A,frameshift,R1505Sfs*7,O75445
287,USH2A,missense,T4439I,O75445
209,WNT10A,missense,R171C,Q9GZT5
213,WNT10A,missense,G213S,Q9GZT5
190,WT1,intronic,,P19544
